<Ui xmlns="http://www.blizzard.com/wow/ui/">
	<Script file="core.lua"/>
	<Script file="greeting.lua"/>
	<Script file="about.lua"/>
	<Script file="tooltip.lua"/>
	<Script file="combaticon.lua"/>
	<Script file="interruptoncd.lua"/>
	<Script file="importantspells.lua"/>
	<Script file="background.lua"/>
	<Script file="customclasscolors.lua"/>
	<Script file="datatextcolors.lua"/>
	<Script file="rollbutton.lua"/>
	<Script file="chatbutton.lua"/>
	<Script file="score.lua"/>
	<Script file="teleports.lua"/>
	<Script file="profession.lua"/>
	<Script file="dungeon.lua"/>
	<Script file="keystonetochat.lua"/>
	<Script file="instancedifficulty.lua"/>
	<Script file="roleicons.lua"/>
	<Script file="healthmarker.lua"/>
	<Script file="executemarker.lua"/>
	<Script file="npbordercolor.lua"/>
	<Script file="textures.lua"/>
	<Script file="gamemenu.lua"/>
	<Script file="tagcolors.lua"/>
	<Script file="tagicons.lua"/>
	<Script file="objectivetracker.lua"/>
	<Script file="currency.lua"/>
	<Script file="dock.lua"/>
	<Script file="changelog.lua"/>
	<Script file="unitframeicons.lua"/>
	<Script file="castbarshield.lua"/>
	<Script file="afk.lua"/>
	<Script file="dev.lua"/>
	<Script file="portraits.lua"/>
</Ui>
