<Ui xmlns="http://www.blizzard.com/wow/ui/">
	<Script file="mCalendar.lua"/>
	<Script file="mCharacter.lua"/>
	<Script file="mDockFunctions.lua"/>
	<Script file="mDurability.lua"/>
	<Script file="mExampleDock.lua"/>
	<Script file="mFPSMS.lua"/>
	<Script file="mFriends.lua"/>
	<Script file="mGuild.lua"/>
	<Script file="mMainMenu.lua"/>
	<Script file="mNoIcon.lua"/>
	<Script file="mQuest.lua"/>
	<Script file="mSpellBook.lua"/>
	<Script file="mVolume.lua"/>
	<Script file="mBags.lua"/>
</Ui>